requirement_id,category,requirement_text
AOA-ADM-001,LOCKED INVARIANT,This document is self-contained. A compliant implementation or reviewer must not need an earlier architecture document to determine intended subsystem behaviour.
AOA-ADM-002,LOCKED INVARIANT,"Earlier architecture documents are historical only after ratification. When they conflict with this document, this document controls."
AOA-ADM-003,LOCKED INTERFACE,Current codebase compliance is recorded in separate dated reports that cite requirement IDs. Implementation status is never embedded in this permanent architecture.
AOA-ADM-004,LOCKED INVARIANT,Requirement IDs are never reused for a different meaning. Removed requirements remain reserved and are marked deprecated in later revisions.
AOA-ADM-005,LOCKED INVARIANT,An implementation limitation remains a limitation. It must not become a new architectural rule unless this document is explicitly revised.
AOA-ADM-006,LOCKED INVARIANT,"A type, field, counter, diagnostic, test fixture, or interface declaration does not by itself satisfy a capability. Required mechanisms must participate causally through production paths."
AOA-ADM-007,LOCKED INVARIANT,"Current languages, engines, libraries, processor placement, GPU layouts, brain-size classes, constants, adapters, and test fixtures are implementation mechanisms unless this document explicitly locks their semantics."
AOA-GOAL-001,LOCKED GOAL,"Develop artificial animals capable of increasingly general lifelong learning, grounded prediction, memory, concept formation, social learning, planning, communication, and transfer."
AOA-GOAL-002,LOCKED GOAL,"Maximize behavioural capability per unit of neural compute, memory, latency, biochemical work, teacher/SLM cost, and simulated energy."
AOA-GOAL-003,LOCKED GOAL,"Preserve evolvability: the organism must remain capable of useful genetic, developmental, biochemical, neural, and cultural adaptation rather than becoming one frozen engineered policy."
AOA-GOAL-004,LOCKED GOAL,"Remain a fun, legible persistent simulation game built around individual creatures, relationships, communities, teaching, breeding, culture, ecology, and visible behavioural change."
AOA-GOAL-005,LOCKED GOAL,"Use biologically inspired mechanisms when they improve intelligence, efficiency, robustness, evolvability, individuality, or game value; biological resemblance is never an end in itself."
AOA-GOAL-006,LOCKED GOAL,"Support extraction, enlargement, transplantation, and reuse of mature cognitive cores in other games, software environments, and embodied robots."
AOA-GOAL-007,LOCKED GOAL,"Keep the architecture inspectable and falsifiable so that apparent intelligence can be attributed to the creature rather than hidden host code, teachers, SLMs, or benchmark leakage."
AOA-INV-001,LOCKED INVARIANT,"All creature cognition is grounded in causal world, body, biochemical, memory, social, and teacher interactions. No privileged semantic truth may silently enter the brain."
AOA-INV-002,LOCKED INVARIANT,"The world reports physical and transactional facts, not reward, desirability, task success, or what the creature ought to do."
AOA-INV-003,LOCKED INVARIANT,Every mutable fact has one authoritative owner. Other representations are explicitly derived views and cannot advance independently.
AOA-INV-004,LOCKED INVARIANT,"Genetics/development, body/physiology, biochemistry, and brain/cognitive memory are separate mechanisms with explicit interfaces and no duplicated ownership."
AOA-INV-005,LOCKED INVARIANT,"Computation and storage are bounded by explicit phenotype, world, or platform budgets. Unbounded all-pairs search, unbounded graph growth, and unbounded external-model calls are prohibited."
AOA-INV-006,LOCKED INVARIANT,"No hidden host policy may choose creature actions, fabricate learning credit, inject concepts or memories, or solve semantic tasks outside the creature."
AOA-INV-007,LOCKED INVARIANT,"Personal episodic memories, individual semantic propositions, current activations, current chemistry, pending eligibility, and autobiographical identity are not inherited biologically."
AOA-INV-008,LOCKED INVARIANT,Teacher and semantic-prior services may accelerate learning but may not substitute for the creature brain. Competence must be separately measurable with each service removed.
AOA-INV-009,LOCKED INVARIANT,"The ordinary game, training/evaluation hosts, school system, and research scenarios must use the same semantic causal organism step. Reduced evaluators may exist only when explicitly labelled and may not certify full-organism capabilities."
AOA-INV-010,LOCKED INVARIANT,"Failure must be explicit. Missing assets, incompatible schemas, invalid causal transactions, and partial multi-system commits may not silently fall back to plausible defaults."
AOA-INV-011,LOCKED INVARIANT,"Brain, body, biochemistry, world, memory, persistence, lifecycle, and presentation must describe the same individual organism and causal sequence."
AOA-INV-012,LOCKED INVARIANT,"Architectural success is behavioural and causal, not ornamental. A biological mechanism that adds cost without measurable capability, robustness, game value, or evolvability must be replaceable or removable."
AOA-AUTH-001,LOCKED INTERFACE,"The canonical organism record binds organism identity to its genome/development state, body, biochemistry, brain ownership, memories, lifecycle, persistence dependencies, and presentation identity."
AOA-AUTH-002,LOCKED INVARIANT,A subsystem may cache another subsystem's state only as a versioned read-only view tied to a causal tick or transaction ID.
AOA-AUTH-003,LOCKED INVARIANT,"No evaluator, UI, teacher, trainer, or adapter may maintain an independently advancing copy of canonical body, biochemical, developmental, neural, or memory state."
AOA-AUTH-004,LOCKED INTERFACE,"Every action/outcome cycle has a stable organism ID, causal sequence ID, pre-action state reference, decision reference, measured joint outcome, and commit status."
AOA-AUTH-005,LOCKED INVARIANT,A transaction touching several authoritative systems either commits all required state transitions or rolls back all of them.
AOA-TIME-001,LOCKED INVARIANT,"Causal sequence order is explicit and deterministic for identical initial state, inputs, configuration, and randomness seeds."
AOA-TIME-002,LOCKED INVARIANT,"Neural, biochemical, metabolic, ecological, developmental, reproductive, and presentation cadences are not forced to one universal tick rate."
AOA-TIME-003,LOCKED INTERFACE,Each derived view records the authoritative tick or interval from which it was derived. Stale views are rejected when semantic freshness matters.
AOA-TIME-004,LOCKED INVARIANT,"Catch-up processing is bounded. Large time jumps use capped substeps, analytically equivalent integration, or explicit approximation receipts rather than unbounded loops."
AOA-TIME-005,LOCKED CAPABILITY,"The simulation supports accelerated time while preserving births, deaths, learning, chemical dynamics, sleep, culture, and ecology within declared fidelity limits."
AOA-TIME-006,REFERENCE MECHANISM,"High-bandwidth neural updates normally run on the GPU; sparse irregular memory, concept, structural proposal, persistence, teacher, and world operations normally run on the CPU or service best suited to them. Placement is determined by measured efficiency, not authority ideology."
AOA-WORLD-001,LOCKED INTERFACE,"World sensing exposes grounded observables: geometry, motion, material/chemical cues, sound, light, contact, temperature, object persistence, social signals, and other physically or socially instantiated properties."
AOA-WORLD-002,LOCKED INVARIANT,"The world may expose that an effector can contact, grip, ingest, emit sound, or apply force. It may not expose that an entity is food, an enemy, a tool, desirable, dangerous, or the correct task target unless that information is itself communicated through a grounded world channel."
AOA-WORLD-003,LOCKED INTERFACE,"World action execution returns a measured joint physical outcome for the complete factorized motor bundle, including contacts, transfers, movement, damage, energy/material exchange, and failures."
AOA-WORLD-004,LOCKED CAPABILITY,"Ecologies support resource scarcity, niches, hazards, social interaction, construction or manipulation, reproduction, and persistent environmental consequences sufficient for selection and culture."
AOA-WORLD-005,LOCKED INVARIANT,"Natural selection operates through survival, reproduction, resource access, and ecological consequence. The runtime brain is not trained by a hidden world fitness scalar."
AOA-WORLD-006,REFERENCE MECHANISM,"Environmental complexity is introduced progressively so that founders can survive, but later worlds vary enough to prevent one fixed engineered policy from dominating all niches."
AOA-BODY-001,LOCKED INVARIANT,"Body and physiology own physical morphology, tissue and organ state, energy reserves, injury, temperature, proprioception, actuator limits, and viability."
AOA-BODY-002,LOCKED INVARIANT,"The body never stores reward, learned value, concepts, intentions, or semantic action preferences."
AOA-BODY-003,LOCKED CAPABILITY,"Organisms may differ genetically and developmentally in size, morphology, sensors, effectors, metabolism, resilience, lifespan, fertility, and physiological trade-offs."
AOA-BODY-004,LOCKED CAPABILITY,Local organ or tissue dysfunction may alter behaviour and survival without immediately collapsing every other subsystem.
AOA-BODY-005,LOCKED INTERFACE,"Body events report physical facts such as tissue damage, nutrient intake, material transfer, temperature change, force, displacement, social contact, and actuator effort."
AOA-BODY-006,LOCKED INVARIANT,"A body event never contains a field whose semantics are equivalent to reward, punishment, task success, or preferred action."
AOA-BODY-007,LOCKED CAPABILITY,"Simple withdrawal, balance, actuator protection, and life-preserving reflexes may bypass deliberative cognition, but their stimuli and outcomes remain available to the brain for learning."
AOA-BODY-008,LOCKED INVARIANT,A reflex may prevent catastrophic harm; it may not silently solve a semantic or strategic task that the creature is expected to learn.
AOA-BODY-009,REFERENCE MECHANISM,"Physiology is represented as typed organs and tissues with local cadence, energetic cost, damage, repair, and exposed loci, rather than one undifferentiated health scalar."
AOA-BODY-010,TUNABLE DEFAULT,Initial founder bodies use a manageable early-animal or early-mammal reference morphology; the architecture does not lock one species body plan.
AOA-GEN-001,LOCKED INVARIANT,"The genome contains only heritable construction, development, mutation, recombination, and prior-reference information. It does not contain current acquired state."
AOA-GEN-002,LOCKED CAPABILITY,"The genome can alter body, organ, biochemical, neural, developmental, reproductive, temperament, plasticity, and learning characteristics."
AOA-GEN-003,LOCKED INTERFACE,"The genome expresses separate body, biochemical, neural, and embodiment phenotypes. Shared traits may influence several phenotypes only through explicit compiler rules."
AOA-GEN-004,LOCKED INVARIANT,Biochemical parameters are not duplicated as independently authoritative brain constants. Neural receptor genes may refer to biochemical species or receptor classes without transferring ownership of chemistry into the brain genome.
AOA-GEN-005,LOCKED CAPABILITY,"Ordinary reproduction supports diploid or otherwise explicitly modelled recombination, mutation, dominance/codominance where used, lineage provenance, and compatibility checks."
AOA-GEN-006,LOCKED CAPABILITY,"Structural genetic variation may alter region allocation, create or suppress derived-region alleles, change biochemical graph topology, and change developmental timing within viability bounds."
AOA-GEN-007,LOCKED INVARIANT,"A child receives new organism, brain, neuron, synapse, memory, and runtime identities. Parent runtime IDs are never inherited literally."
AOA-GEN-008,LOCKED INVARIANT,Genetic and germline prior dependencies are content-addressed and versioned. Fragile filesystem paths and silent fallback assets are prohibited.
AOA-GEN-009,LOCKED CAPABILITY,Genetic complexity and inherited neural information are measurable so evolution and breed design can trade innate structure against lifetime learning.
AOA-GEN-010,REFERENCE MECHANISM,"The compact genome stores region floors and shares, connectivity-generator parameters, receptor profiles, plasticity parameters, developmental schedules, biochemical graph genes, mutation policy, and germline-prior manifests."
AOA-DEV-001,LOCKED CAPABILITY,"Development supports staged growth from newborn through mature life, including body growth, organ maturation, biochemical expression, neural growth, critical periods, puberty, senescence, and other species-specific stages."
AOA-DEV-002,LOCKED INTERFACE,"Development receives authoritative biological age, genotype, current body and biochemical context, and previous developmental state; it outputs due expression and growth operations."
AOA-DEV-003,LOCKED INVARIANT,World time and biological age are distinct. A newborn created late in world history begins at biological age zero unless a specific reproductive mechanism says otherwise.
AOA-DEV-004,LOCKED INVARIANT,"Biochemical signals may gate or modulate development, but biochemistry does not directly rewrite cognitive policy. It triggers genetically defined developmental responses."
AOA-DEV-005,LOCKED CAPABILITY,Natural developmental brain growth and deliberate mature-brain augmentation use the same function-preserving graph-migration substrate with different policies.
AOA-DEV-006,LOCKED CAPABILITY,"Critical periods may alter plasticity, structural growth, receptor expression, teacher responsiveness, or region recruitment without making mature learning impossible by default."
AOA-DEV-007,LOCKED INVARIANT,"Developmental operations that change graph topology occur at explicit transaction boundaries with checkpoint, provenance, and rollback support."
AOA-DEV-008,REFERENCE MECHANISM,Developmental regions are generated by compact regional and connectivity programs rather than by storing every neuron and synapse in the genome.
AOA-PRIOR-001,LOCKED INTERFACE,"A germline prior manifest names exact regional blocks, bridge blocks, schemas, compatibility families, source provenance, sanitization receipts, and inherited-information cost."
AOA-PRIOR-002,LOCKED INVARIANT,Germline prior blocks are immutable and content-addressed. A new breed revision creates new blocks or a new manifest; it never mutates an existing published block in place.
AOA-PRIOR-003,LOCKED INVARIANT,"A germline prior is a sanitized newborn-compatible template, not a saved adult checkpoint with a memory table removed."
AOA-PRIOR-004,LOCKED CAPABILITY,Prior blocks are region-addressable and may be recombined or selected independently when compatibility and bridge requirements are satisfied.
AOA-PRIOR-005,LOCKED CAPABILITY,Bridge blocks or deterministic developmental bridge rules describe cross-region priors without requiring one monolithic whole-brain asset.
AOA-PRIOR-006,LOCKED INVARIANT,"Personal episodes, named individuals, exact locations, private conversations, current body schema, current chemistry, current activation, pending eligibility, and unresolved action credit are excluded from germline priors."
AOA-PRIOR-007,LOCKED CAPABILITY,"Generic reusable representations and skills may be inherited after sanitization: object persistence, containment, affordance structure, generic navigation, manipulation priors, social prediction, and language-grounding priors."
AOA-PRIOR-008,LOCKED INVARIANT,Missing or incompatible germline assets cause explicit construction failure or an explicitly requested migration path. Silent substitution is prohibited.
AOA-BIO-001,LOCKED INVARIANT,"Biochemistry owns chemical concentrations, reaction state, receptor/emitter state, endocrine regulation, metabolic intermediates, and biochemical developmental signals."
AOA-BIO-002,LOCKED INVARIANT,"Biochemistry does not own final neural threshold, attention, salience, motor confidence, learning-rate, planning, or action policy values. It supplies signals; neural receptor phenotypes determine cognitive effects."
AOA-BIO-003,LOCKED CAPABILITY,"The biochemical phenotype contains a bounded sparse active set of chemical species with per-species baseline, decay, range, type, and compartment information."
AOA-BIO-004,TUNABLE DEFAULT,"The address space may support up to 256 species for compatibility and experimentation, while each phenotype instantiates a smaller active subset such as 32-64 species unless its budget permits more."
AOA-BIO-005,LOCKED CAPABILITY,"The biochemical phenotype supports sparse reactions with bounded reactants, products, stoichiometry, rates, compartments, and optional rate-control loci."
AOA-BIO-006,LOCKED CAPABILITY,"The biochemical phenotype supports emitters that map typed source loci to chemical release using bounded cadence, threshold, gain, analogue/digital response, inversion, and optional source reset."
AOA-BIO-007,LOCKED CAPABILITY,"The biochemical phenotype supports receptors that map chemical concentrations to typed body, organ, drive, developmental, autonomic, or neural loci."
AOA-BIO-008,LOCKED CAPABILITY,The biochemical phenotype supports neuroemitters that map bounded neural summaries or learned assembly activity to chemical release.
AOA-BIO-009,LOCKED INVARIANT,Receptor and emitter destinations are typed and validated. Untyped raw pointers or arbitrary memory addresses are prohibited.
AOA-BIO-010,LOCKED CAPABILITY,"Different organisms may respond differently to the same chemical concentration because receptor expression, thresholds, gains, target loci, and neural receptor profiles are heritable and evolvable."
AOA-BIO-011,LOCKED INVARIANT,Material and energetic biochemical pathways obey declared conservation and resource accounting. Regulatory signalling chemicals may be produced and decay non-conservatively only through explicit emitters and costs.
AOA-BIO-012,LOCKED INVARIANT,"Biochemical execution cost scales with active reactions, receptors, emitters, organs, and species, not the square of all possible chemical IDs."
AOA-BIO-013,LOCKED CAPABILITY,"Chemicals may act on different natural timescales, providing transient arousal, medium-duration reinforcement, slow developmental regulation, persistent toxins, and other temporal roles."
AOA-BIO-014,LOCKED CAPABILITY,"Compartmentalization may model blood, organ-local chemistry, extracellular signalling, gut contents, neural modulators, or other species-specific compartments without requiring every organism to instantiate every compartment."
AOA-BIO-015,LOCKED INTERFACE,A drive frame is a bounded derived view tied to authoritative body and biochemical state. It cannot advance independently.
AOA-BIO-016,LOCKED CAPABILITY,"Evolution can change what raises, lowers, suppresses, stores, or restores a drive by changing body, chemical, reaction, emitter, and receptor pathways while preserving the brain-facing ABI where required."
AOA-BIO-017,LOCKED CAPABILITY,Emergency chemistry may suppress or transform lower-priority drive signals without hardcoding a complete cognitive decision tree.
AOA-BIO-018,LOCKED INVARIANT,A drive is not itself a reward. A high drive changes internal state and salience; the brain must still learn or infer which grounded actions affect it.
AOA-BIO-019,LOCKED INTERFACE,"The neural receptor frame exposes bounded chemical/receptor activations with stable semantics, source chemistry version, target neural receptor class, and causal tick."
AOA-BIO-020,LOCKED INTERFACE,The neural-emission frame exposes bounded neural summaries to biochemistry without giving chemistry arbitrary access to raw neural state.
AOA-BIO-021,LOCKED CAPABILITY,"Neural receptor effects may modulate interoceptive input, regional excitability, projection gain, local threshold, attention gating, plasticity receptor classes, structural growth, sleep, and consolidation."
AOA-BIO-022,LOCKED INVARIANT,Those effects are computed by the neural phenotype from biochemical signals. Biochemistry does not publish one universal finished `NeuralModulation` policy object.
AOA-BIO-023,LOCKED CAPABILITY,"Neuroemitters allow learned cognition to influence autonomic, endocrine, developmental, social, and metabolic state without directly mutating body variables."
AOA-BIO-024,LOCKED INVARIANT,"Reward valence, biological value change, and neural reward-prediction error remain separately represented and inspectable."
AOA-BIO-025,LOCKED INTERFACE,Every sealed experience transaction includes measured before/after body and biochemical references sufficient to compute actual homeostatic change.
AOA-BIO-026,LOCKED INVARIANT,A production outcome may not substitute a zero or default homeostatic delta when canonical biology changed.
AOA-BIO-027,REFERENCE MECHANISM,Use a small multidimensional neuromodulatory vector rather than one universal scalar. Synapse or projection receptor profiles project that vector into a local third factor.
AOA-BIO-028,LOCKED CAPABILITY,"The organism can learn different things from the same physical event depending on its current physiology, expectations, receptor genetics, memory, and social context."
AOA-BRAIN-001,LOCKED INVARIANT,"Adaptive neural compute is reserved for functions that materially benefit from learning, prediction, memory, context, generalization, arbitration, communication, or flexible control."
AOA-BRAIN-002,LOCKED CAPABILITY,"The brain supports sparse recurrent dynamics, nonlinear dendritic computation, local plasticity, predictive learning, attention, memory interfaces, semantic topology, factorized action selection, and structural plasticity."
AOA-BRAIN-003,LOCKED INVARIANT,"No region name dispatches a handwritten cognitive algorithm. Region function emerges from connectivity, ports, dynamics, chemistry, plasticity, development, training, and experience."
AOA-BRAIN-004,LOCKED INVARIANT,"The brain never receives game-specific commands such as `find food`, `attack target`, `solve task`, or an equivalent high-level policy shortcut as a sensory input or motor primitive."
AOA-BRAIN-005,LOCKED INTERFACE,"The portable cognitive core has stable sensory, interoceptive, memory, semantic-prior, teacher/social, motor-intent, neural-emission, persistence, and inspection ports."
AOA-BRAIN-006,LOCKED CAPABILITY,"Neural state is recurrent and can preserve context, attractors, oscillations, working memory, and temporally extended competence."
AOA-BRAIN-007,LOCKED CAPABILITY,"Synaptic state has distinct inherited, lifetime-consolidated, and fast acquired components with explicit update, persistence, and inheritance semantics."
AOA-BRAIN-008,LOCKED INVARIANT,Lifetime and fast acquired weights are somatic. They do not enter offspring except through explicit sanitizing assimilation.
AOA-BRAIN-009,LOCKED CAPABILITY,"Neurons or projections may use different intrinsic time constants, update cadences, receptor profiles, plasticity classes, and metabolic costs."
AOA-BRAIN-010,LOCKED CAPABILITY,Selected neurons support nonlinear within-neuron conjunction computation through bounded dendritic branches or an evidence-backed equivalent.
AOA-BRAIN-011,LOCKED INVARIANT,Dendritic execution is indexed by target or another sparse equivalent. It may not scan every branch for every neuron.
AOA-BRAIN-012,LOCKED CAPABILITY,"The neural substrate exposes enough bounded state for persistence, migration, debugging, work accounting, and capability attribution without placing identity indirection in the hot path."
AOA-BRAIN-013,REFERENCE MECHANISM,"High-volume recurrent projections, dendritic evaluation, local learning, and prediction heads are batch-executed on the GPU using sparse target-major or tile-major layouts."
AOA-BRAIN-014,LOCKED INVARIANT,"Quantization, sparsity, batching, and accelerator-specific kernels may alter numerical precision only within declared behavioural and dynamical tolerances."
AOA-REG-001,LOCKED INVARIANT,"The nine founder homologues are permanent developmental and compatibility anchors. They cannot be deleted, although their mature functions and sizes may change above functional floors."
AOA-REG-002,LOCKED INVARIANT,Founder region labels never authorize special handwritten cognitive code.
AOA-REG-003,LOCKED CAPABILITY,"Region size, recurrence, cell mix, dendritic capacity, connectivity, receptor expression, plasticity, cadence, and developmental timing are phenotype-controlled and evolvable."
AOA-REG-004,LOCKED CAPABILITY,Founder allocation uses minimum floors plus proportional remainder so small brains preserve essential interfaces while larger brains devote most added capacity to flexible cognition.
AOA-REG-005,TUNABLE DEFAULT,"Reference remainder shares are: Perceptual 16%, Interoceptive 6%, Association 23%, Temporal 13%, Executive 10%, Memory Interface 7%, Action/Planning 10%, Social/Communication 8%, Flexible Reserve 7%."
AOA-REG-006,LOCKED CAPABILITY,"Evolution and development may create derived regions by reserve recruitment, subdivision, duplication and divergence, assembly specialization, bounded fusion, and pruning."
AOA-REG-007,LOCKED INTERFACE,"Every derived region records parent homology, creation mechanism, interface ports, prior dependencies, receptor/plasticity profile, capacity requirements, and compatibility family."
AOA-REG-008,LOCKED INVARIANT,"Derived-region count and capacity are bounded by brain class, developmental viability, inherited-information cost, and runtime work budgets."
AOA-REG-009,LOCKED CAPABILITY,Crossbreeding uses homology-aware bounded recombination. Matched derived regions recombine; unmatched regions are optional structural alleles expressed only when dependencies and budgets are satisfied.
AOA-REG-010,LOCKED INVARIANT,"New or unmatched bridges begin silent, zero-gain, low-gain, or in developmental acclimation. They may not immediately destabilize the child brain."
AOA-SENSE-001,LOCKED INTERFACE,"Sensory adapters expose grounded modality features, confidence, spatial/temporal reference, and provenance. They do not expose designer semantic categories as truth."
AOA-SENSE-002,LOCKED INVARIANT,"A body-neutral sensor ABI may normalize or compress raw signals, but must not secretly perform the semantic recognition, planning, or value judgement assigned to cognition."
AOA-ATT-001,LOCKED CAPABILITY,Attention performs broad peripheral processing followed by bounded expensive focal processing or an equivalent mechanism that materially reallocates compute.
AOA-ATT-002,LOCKED CAPABILITY,"Focal selection depends on current physiology, memory, concepts, uncertainty, prediction residuals, social state, novelty, and learned neural influence."
AOA-ATT-003,LOCKED CAPABILITY,"Focal capacity is a function of brain class, phenotype, current state, and available compute rather than a universal fixed constant."
AOA-ATT-004,LOCKED INVARIANT,"Changing attention while holding the world constant must be capable of changing downstream neural evidence or action, not only a diagnostic label."
AOA-ATT-005,LOCKED CAPABILITY,Attention includes hysteresis and persistence so noisy small salience changes do not cause pathological target thrashing.
AOA-ATT-006,REFERENCE MECHANISM,The peripheral pass is usually world/CPU efficient; focal sensory encoding and neural processing may be batched on the GPU. Exact placement is replaceable.
AOA-CTX-001,LOCKED INTERFACE,"The cognitive context is bound to one organism, causal sequence, world tick, perception frame, and canonical body/biochemical view."
AOA-CTX-002,LOCKED INVARIANT,The context interoceptive view is populated from canonical biology. A default or stale internal-state vector may not coexist with a different authoritative state in the same decision.
AOA-CTX-003,LOCKED INVARIANT,Canonical digests are identity and integrity evidence. They are not semantic embeddings and may not be used as geometry for learning or generalization.
AOA-CTX-004,LOCKED CAPABILITY,"The context supports bounded explicit uncertainty, source confidence, recency, and provenance so cognition can distinguish observation, memory, semantic prior, and teacher communication."
AOA-MEM-001,LOCKED CAPABILITY,"The organism supports delayed episodic recall, context-sensitive retrieval, memory confidence, source/provenance, and forgetting or compression."
AOA-MEM-002,LOCKED INVARIANT,Memory retrieval provides evidence and expectancy; it does not force an action or bypass neural arbitration.
AOA-MEM-003,LOCKED CAPABILITY,"Candidate-specific episodic evidence may alter attention, prediction, neural state, or action preference through a real production path."
AOA-MEM-004,LOCKED CAPABILITY,"Individual semantic memory stores grounded concepts, relations, confidence, source, temporal validity, and contradiction history."
AOA-MEM-005,LOCKED INVARIANT,Personal semantic propositions and autobiographical episodes are not written into the germline by ordinary sleep or reproduction.
AOA-MEM-006,LOCKED INTERFACE,"The Memory Interface region controls queries, retrieval, storage, and neural translation while the memory store remains an explicit bounded subsystem."
AOA-MEM-007,LOCKED CAPABILITY,"Memory can represent individuals and relationships persistently across time, save/load, sleep, separation, and reunion."
AOA-MEM-008,LOCKED CAPABILITY,"Memory consolidation balances retention, compression, interference control, and generalization without forcing all stable memories into neural weights."
AOA-MEM-009,REFERENCE MECHANISM,Episodic memory is usually sparse irregular CPU-side storage with bounded GPU uploads for selected retrievals; alternative placements require measured benefit.
AOA-CON-001,LOCKED CAPABILITY,"Concepts can form, strengthen, weaken, split, merge, decay, and be re-grounded from experience."
AOA-CON-002,LOCKED CAPABILITY,"Concept induction is organized by predictive and cognitive utility, not only perceptual clustering."
AOA-CON-003,LOCKED CAPABILITY,"Systematic contradiction may create or raise an unresolved gap and may trigger concept splitting, relation revision, targeted attention, or exploration."
AOA-CON-004,LOCKED CAPABILITY,"Concept and gap state can alter neural context, attention, prediction, memory retrieval, communication, or action through explicit causal paths."
AOA-CON-005,LOCKED INVARIANT,"Global diagnostic maxima alone do not satisfy target-grounded concept or gap influence. Evidence must be linked to relevant objects, relations, actions, or contexts."
AOA-CON-006,LOCKED INVARIANT,"Concept induction and neural structural growth are separate learning processes. They may exchange bounded evidence, but concept edges are not automatically synapses and strong synapses are not automatically concepts."
AOA-CON-007,LOCKED INVARIANT,External semantic-prior suggestions remain hypotheses until grounded. They cannot create authoritative concepts by declaration.
AOA-PRED-001,LOCKED CAPABILITY,"The brain predicts grounded successor features including sensory change, contact, motion, drive/chemical change, success/failure, concepts, social response, and other phenotype-supported targets."
AOA-PRED-002,LOCKED INVARIANT,Source and successor vectors use explicitly versioned semantically corresponding features or an explicit cross-schema mapping.
AOA-PRED-003,LOCKED INVARIANT,"Prediction conditions on the full joint motor bundle, not only one primary action ID when multiple channels execute together."
AOA-PRED-004,LOCKED INVARIANT,"Categorical motor identities use one-hot, learned, structured, or otherwise semantically valid encodings. Arbitrary integer or bit geometry is not treated as meaningful distance."
AOA-PRED-005,LOCKED INVARIANT,The predictive objective includes information-preserving constraints or grounded target construction that makes constant and action-insensitive representations non-optimal.
AOA-PRED-006,LOCKED CAPABILITY,Different materially distinct successor states remain separable; different actions can predict different outcomes; passive observation can improve later prediction or behaviour.
AOA-PRED-007,LOCKED CAPABILITY,"Prediction is used before action to estimate candidate consequences, uncertainty, or information gain, not only updated after the fact."
AOA-PRED-008,LOCKED CAPABILITY,"Prediction residuals influence unresolved gaps, attention, curiosity, memory prioritization, learning, and structural proposals through bounded interfaces."
AOA-PRED-009,REFERENCE MECHANISM,"Stable targets may use EMA teachers, stop-gradient encoders, fixed projections, variance/covariance constraints, contrastive structure, grounded observables, or evidence-backed combinations. No one self-supervised family is locked."
AOA-PRED-010,DEFERRED CAPABILITY,"The brain supports bounded counterfactual rollout or deliberation using its learned world model, initially at small depth and candidate count rather than exhaustive tree search."
AOA-LEARN-001,LOCKED CAPABILITY,The brain supports fast online learning that can alter behaviour after a small number of relevant experiences.
AOA-LEARN-002,LOCKED INVARIANT,"Eligibility is bound to the exact organism, phenotype/graph epoch, perception/context, selected joint motor output, and causal outcome transaction."
AOA-LEARN-003,LOCKED CAPABILITY,Every active motor channel can receive causally supportable credit through joint eligibility or channel-aware traces without fabricated channel reward labels.
AOA-LEARN-004,LOCKED INVARIANT,Experience preserves individual channel commands and the joint physical outcome. It need not invent separable rewards for channels whose effects are inseparable.
AOA-LEARN-005,LOCKED INVARIANT,"Immediate plasticity and slower normalization/consolidation have distinguishable semantics, schedules, and evidence."
AOA-LEARN-006,LOCKED CAPABILITY,Negative physical/biochemical experience can produce an appropriate aversive learning signal and change later action preference through the ordinary production path.
AOA-LEARN-007,LOCKED CAPABILITY,"Positive homeostatic improvement, novelty, social consequence, and prediction surprise can shape different receptor classes rather than collapsing into one universal reward."
AOA-LEARN-008,LOCKED INVARIANT,"Current hormone names may be reference species channels, but the architecture does not assume one universal mammalian mapping for every breed or transplanted brain."
AOA-LEARN-009,LOCKED CAPABILITY,Metaplasticity and local learning-rule parameters are heritable and can be optimized through founder meta-training and evolution.
AOA-LEARN-010,LOCKED INVARIANT,"A teacher, evaluation harness, or world script cannot directly set the neuromodulatory third factor as an answer key."
AOA-STR-001,LOCKED CAPABILITY,"The lifetime brain supports experience-dependent synaptogenesis, pruning, dendritic branch allocation, and accepted structural changes that alter later computation."
AOA-STR-002,LOCKED INVARIANT,"Structural candidate discovery never enumerates all absent neuron pairs. Its complexity is approximately proportional to active structure times a bounded candidate budget, such as O(NK), O(BK), or better."
AOA-STR-003,LOCKED CAPABILITY,"Candidate evidence may include coactivation, eligibility, prediction residuals, shared concept/gap support, local activity sketches, spatial/developmental affinity, and bounded stochastic exploration."
AOA-STR-004,LOCKED INVARIANT,"Candidate storage granularity is replaceable: neuron, branch, route, tile, sketch, or hybrid. No per-neuron reservoir is locked as universal architecture."
AOA-STR-005,LOCKED CAPABILITY,"Dendritic conjunction capacity is allocated by phenotype, development, experience, and capability-per-compute evidence rather than uniformly or decoratively."
AOA-STR-006,LOCKED INVARIANT,"A structural counter, proposal object, or pruning-only path does not satisfy synaptogenesis. Accepted growth must change live sparse computation."
AOA-STR-007,LOCKED CAPABILITY,"Structural changes are persisted, versioned by graph epoch, included in work accounting, and compatible with brain growth and rollback."
AOA-MOTOR-001,LOCKED CAPABILITY,The brain can issue simultaneous bounded commands on multiple motor channels.
AOA-MOTOR-002,LOCKED INTERFACE,"A motor intent bundle records every active channel, primitive/parameterization, intensity, duration, direction or target reference, confidence, coordination group, and causal sequence."
AOA-MOTOR-003,LOCKED INVARIANT,"Inhibition is primarily within channels; learned coordination operates across channels. The architecture does not force locomotion, gaze, posture, manipulation, and vocalization into one exclusive token."
AOA-MOTOR-004,LOCKED CAPABILITY,"Orientation and sensor direction are real motor channels with production candidates, execution, outcome, learning, and persistence."
AOA-MOTOR-005,LOCKED INVARIANT,"The motor ABI expresses body-neutral effectors and intentions, not game-specific semantic goals."
AOA-MOTOR-006,LOCKED CAPABILITY,The brain can learn novel combinations of existing primitives and can adapt motor intentions to changed embodiment through the peripheral body-schema layer.
AOA-MOTOR-007,REFERENCE MECHANISM,Parameterized motor primitives and learned synergies provide combinatorial behaviour without an explosion of discrete action IDs.
AOA-EMB-001,LOCKED INVARIANT,"Deterministic actuator stabilization, inverse dynamics, servo loops, and safety constraints do not consume the portable cognitive neural budget."
AOA-EMB-002,LOCKED CAPABILITY,"The embodiment layer learns sensor calibration, effector controllability, proprioceptive body schema, motor synergies, and action-to-sensory consequences."
AOA-EMB-003,LOCKED INVARIANT,The embodiment adapter may not infer or choose semantic goals on behalf of the cognitive core.
AOA-EMB-004,LOCKED CAPABILITY,"A transplanted brain can discover a new embodiment through exploration, prediction, teacher guidance, and safe calibration rather than requiring hardcoded assumptions such as two legs or a forward camera."
AOA-EMB-005,LOCKED INTERFACE,"Sensor and motor port descriptors are stable, typed, capability-oriented, versioned, and discoverable by the organism."
AOA-EMB-006,LOCKED CAPABILITY,"Embodiment-specific acquired state can be saved, replaced, retrained, or discarded independently of the portable cognitive core."
AOA-SLEEP-001,LOCKED CAPABILITY,"Organisms can enter, maintain, and exit sleep through biological state, external conditions, or explicit safety/recovery mechanisms."
AOA-SLEEP-002,LOCKED CAPABILITY,"Sleep may consolidate fast to lifetime weights, episodic and semantic memory, prediction, concepts/gaps, structural proposals, derived-region recruitment, and developmental neural growth."
AOA-SLEEP-003,LOCKED INVARIANT,All required sleep updates commit atomically for one cycle or roll back. Partial cross-system consolidation is prohibited.
AOA-SLEEP-004,LOCKED INVARIANT,Sleep does not directly mutate germline priors or offspring. Natural assimilation is a separate lineage process.
AOA-SLEEP-005,LOCKED CAPABILITY,"Sleep and replay are bounded by phenotype and work budgets and may prioritize salient, surprising, unresolved, socially important, or unstable experiences."
AOA-SLEEP-006,LOCKED CAPABILITY,A completed sleep cycle can restore fatigue/energy state and can change later behaviour through actual consolidated cognition.
AOA-SLEEP-007,LOCKED INVARIANT,"Replay identity, cycle identity, graph epoch, and persistence state prevent duplicate, stale, or out-of-order consolidation."
AOA-ID-001,LOCKED INVARIANT,"Semantic and memory systems reference persistent concepts, memories, assemblies, regions, and ports; they do not depend on raw synapse handles or GPU indices."
AOA-ID-002,LOCKED CAPABILITY,"Every neuron has an individual-local lineage identity sufficient to track preservation, duplication, specialization, migration, and assimilation provenance."
AOA-ID-003,LOCKED INVARIANT,"Ordinary synapses, branches, and routes need not have permanent global IDs. They use deterministic graph-epoch handles and durable old-to-new migration manifests."
AOA-ID-004,LOCKED CAPABILITY,"Structural recompaction, pruning, growth, expansion, and relocation can freely change physical indices while preserving logical identity and causal state."
AOA-ID-005,LOCKED INVARIANT,"Offspring inherit developmental homologues and priors, never the parent's runtime neuron or structural handles."
AOA-GROW-001,LOCKED CAPABILITY,Both gradual developmental growth and deliberate mature augmentation use one function-preserving migration engine with mode-specific scheduling and safety policy.
AOA-GROW-002,LOCKED INVARIANT,"Expansion occurs at a quiescent cognitive transaction boundary after pending action credit, weight-bank transactions, and replay state are committed or explicitly discarded."
AOA-GROW-003,LOCKED INVARIANT,"Existing trained neurons, routes, memory anchors, concepts, predictor state, and learned dynamics remain the anchored core. Expansion does not randomly rebuild the old brain."
AOA-GROW-004,LOCKED CAPABILITY,"Allowed reference morphisms include silent neuron addition, neuron duplication with conserved contribution, common-mode-preserving recurrent blocks, zero-gain routes, dormant dendrites, residual identity paths, and self-distillation into new capacity."
AOA-GROW-005,LOCKED INVARIANT,Neuron duplication preserves aggregate downstream drive and recurrent common modes while newly introduced difference modes begin stable or contractive.
AOA-GROW-006,LOCKED CAPABILITY,"Additional capacity is recruited gradually through prediction of old regional state, residual-error learning, local self-distillation, and staged release of plasticity."
AOA-GROW-007,LOCKED INVARIANT,The enlarged brain must approximate the original brain's immediate behaviour and representative internal trajectories before new capacity is allowed to change policy substantially.
AOA-GROW-008,LOCKED CAPABILITY,"Every growth operation produces a pre-migration checkpoint, logical/physical map, graph-epoch manifest, added-neuron provenance, continuity receipt, and rollback path."
AOA-GROW-009,LOCKED INVARIANT,Somatic augmentation does not alter offspring until explicit genetic assimilation creates a new germline prior or developmental allele.
AOA-GROW-010,REFERENCE MECHANISM,"New capacity is preferentially allocated to Flexible Reserve, Association, Temporal-Predictive, Executive, Action/Planning, and Social/Communication unless profiling shows another bottleneck."
AOA-FOUND-001,LOCKED CAPABILITY,The founder species receives a viable pretrained neural and developmental foundation rather than random unusable cognition.
AOA-FOUND-002,LOCKED INVARIANT,"The published founder runs only through ordinary organism interfaces. No oracle feature, hidden label, direct action trace, or privileged trainer remains attached."
AOA-FOUND-003,LOCKED CAPABILITY,"Founder pretraining covers generic competencies: object persistence, action consequence, body schema, navigation, avoidance, homeostatic learning, manipulation, social attention, imitation, and communication grounding."
AOA-FOUND-004,LOCKED INVARIANT,"Founder training varies worlds, object identities, curricula, embodiments, and sensor mappings enough to reduce benchmark or world memorization."
AOA-FOUND-005,LOCKED CAPABILITY,Training uses a nested outer loop that optimizes initial priors and how the creature learns during legal inner lifetimes.
AOA-FOUND-006,LOCKED INVARIANT,"Inner lifetimes inside meta-training use the same causal organism step, local plasticity, memory, chemistry, motor, sleep, and structural mechanisms available after deployment."
AOA-FOUND-007,LOCKED CAPABILITY,"A trainer-removed acclimation phase demonstrates retained competence, continued learning, resistance to catastrophic forgetting, and absence of hidden teacher dependence before a founder prior is published."
AOA-FOUND-008,LOCKED INVARIANT,"Pretraining gives generic capabilities and priors, not game answers, fixed locations, private source-world facts, or a complete solved policy."
AOA-SLM-001,LOCKED INTERFACE,"Semantic-prior requests contain bounded language or symbol context, a small set of active grounded concepts, model/interface version, and budget metadata."
AOA-SLM-002,LOCKED INTERFACE,"Semantic-prior responses contain candidate relations, embeddings, distinctions, confidence, and provenance. They contain no creature action, reward, memory write, or policy command."
AOA-SLM-003,LOCKED INVARIANT,"The semantic-prior service cannot inspect the full private episodic history, raw synapses, pending actions, or broad internal state unless a later architecture revision explicitly creates a safe interface."
AOA-SLM-004,LOCKED INVARIANT,"A semantic hint is nonauthoritative. The creature must ground, accept, reject, revise, or ignore it through its own cognition and experience."
AOA-SLM-005,LOCKED CAPABILITY,"One shared service supports many organisms through caching, batching, event-triggering, and explicit token/latency budgets."
AOA-SLM-006,LOCKED CAPABILITY,A mature creature retains substantial nonlinguistic intelligence and grounded competence when the semantic-prior service is disabled.
AOA-SLM-007,LOCKED CAPABILITY,Breed genetics may evolve how much capacity and attention are allocated to semantic-prior integration without inheriting or duplicating the external model weights.
AOA-TEACH-001,LOCKED INTERFACE,The teacher has a read-only pedagogical planner and an embodied teacher actor with separate authority.
AOA-TEACH-002,LOCKED CAPABILITY,"The planner may inspect bounded curriculum progress, observable success/failure, developmental stage, available interfaces, coarse safety/homeostasis, uncertainty summaries, lesson history, and world state needed to construct lessons."
AOA-TEACH-003,LOCKED INVARIANT,"The planner cannot inspect raw synapses, neuron activations, eligibility traces, private episodic contents, hidden SLM state, pending action internals, or direct reward controls."
AOA-TEACH-004,LOCKED INVARIANT,"Only the embodied teacher actor influences the learner, through speech, gesture, demonstration, objects, environment arrangement, social response, and other ordinary world channels."
AOA-TEACH-005,LOCKED INVARIANT,"Teachers cannot directly write learner memories, concepts, weights, actions, rewards, neurochemistry, or declarations of understanding."
AOA-TEACH-006,LOCKED CAPABILITY,"Teachers may be players, scripted agents, SLMs, larger LLMs, older creatures, or hybrids, provided they use the same grounded teaching interface."
AOA-TEACH-007,LOCKED CAPABILITY,"Teaching episodes are auditable by curriculum ID, planner-visible diagnostics, teacher acts, learner-visible stimuli, learner response, physical/biochemical consequence, model provenance, and compute/token cost."
AOA-TEACH-008,LOCKED CAPABILITY,"Learner competence is measured after the teacher is removed, not only while a capable external model is directing lessons."
AOA-CULT-001,LOCKED INTERFACE,"A cultural package may contain language conventions, curriculum graphs, prerequisites, demonstrations, environmental setup recipes, social norms, tool-use procedures, assessments, and teacher capability requirements."
AOA-CULT-002,LOCKED INVARIANT,"A cultural package does not directly alter genotype, germline neural priors, personal memory, neural weights, or biochemical state."
AOA-CULT-003,LOCKED CAPABILITY,A breed may recommend or bundle a cultural package while remaining usable without it. Breed and culture dependencies are separately identifiable and removable.
AOA-CULT-004,LOCKED CAPABILITY,"Genetically similar populations can diverge culturally through teaching, imitation, language, environment, and historical contingency."
AOA-CULT-005,LOCKED CAPABILITY,"Research tooling can distinguish competence inherited genetically, acquired culturally, acquired individually without teaching, available only with the SLM, and available only while a teacher is active."
AOA-REP-001,LOCKED CAPABILITY,"Reproduction uses canonical parent genotypes, physiological readiness, world interaction, and lifecycle authority to create a new child genotype and organism."
AOA-REP-002,LOCKED INVARIANT,A child receives a newly developed brain with new neuron identities and no parent personal memory.
AOA-REP-003,LOCKED CAPABILITY,"Compatible regional prior blocks and bridge blocks may be selected, blended, or recombined through explicit bounded recipes."
AOA-REP-004,LOCKED INVARIANT,Ordinary births do not publish a new permanent large neural asset for every child. Child-specific compiled priors may be cached by content hash but remain derivable from genotype and dependencies.
AOA-REP-005,LOCKED CAPABILITY,"Incompatible body, biochemical, neural, derived-region, or prior dependencies are detected before admission and either resolved through an explicit migration/crossing mechanism or rejected."
AOA-REP-006,LOCKED CAPABILITY,"Parental investment, gestation/incubation, teaching opportunity, and social environment may influence development without becoming hardcoded inherited knowledge."
AOA-ASSIM-001,LOCKED CAPABILITY,"Natural assimilation can gradually alter developmental growth, receptor expression, connectivity affinities, plasticity, regional allocation, and small reusable motifs."
AOA-ASSIM-002,LOCKED INVARIANT,"Natural assimilation is rare, lineage-level, information-budgeted, and does not publish a large new prior at every birth."
AOA-ASSIM-003,LOCKED CAPABILITY,"Breeder assimilation accepts a selected cohort and target competence, compares individuals, and extracts shared generalized organization."
AOA-ASSIM-004,LOCKED INVARIANT,"One exceptional individual alone is not normally sufficient to define a new heritable prior without additional evidence, redistillation, or explicit expert override and provenance."
AOA-ASSIM-005,LOCKED CAPABILITY,"Assimilation uses cohort consensus, anonymization, compression bottlenecks, developmental redistillation, fresh-environment checks, and personal-memory leakage probes."
AOA-ASSIM-006,LOCKED INVARIANT,"Assimilation excludes autobiographical episodes, individual identities, exact coordinates, private facts, current chemistry, current activation, pending eligibility, and body-specific calibration."
AOA-ASSIM-007,LOCKED CAPABILITY,"Assimilation may preserve generalized regional weights, motifs, assembly templates, connectivity affinities, receptor/plasticity profiles, and learning priors."
AOA-ASSIM-008,LOCKED INVARIANT,Every assimilated bit or parameter is charged against an inherited-information and developmental-complexity budget.
AOA-ASSIM-009,LOCKED CAPABILITY,"Published breed revisions are immutable, versioned, content-addressed, provenance-tracked, and independently testable from their source adults."
AOA-EVO-001,LOCKED CAPABILITY,"Evolution can alter morphology, metabolism, biochemical topology, developmental schedules, region allocation, derived regions, connectivity, receptors, plasticity, learning rules, temperament, and reproductive strategy."
AOA-EVO-002,LOCKED INVARIANT,"Natural selection in game worlds is mediated by ecological survival and reproduction, not a hidden neural reward or externally assigned fitness during life."
AOA-EVO-003,LOCKED CAPABILITY,"Offline founder and research outer loops may use explicit fitness or loss functions, but their privileged optimization is training infrastructure and is removed at deployment."
AOA-EVO-004,LOCKED GOAL,Evolution should discover compact priors and effective learners rather than serializing complete adult solutions genetically.
AOA-EVO-005,REFERENCE MECHANISM,"A lineage objective may penalize inherited information, neural work, biochemical complexity, developmental fragility, and metabolic cost while rewarding survival and reproductive success."
AOA-EVO-006,LOCKED CAPABILITY,"Niches may favour cheap reflexive brains, larger flexible brains, specialized biochemistry, strong cultural learning, or other legitimate strategies."
AOA-EVO-007,LOCKED INVARIANT,"Evaluation environments must monitor degenerate strategies such as inactivity, sensor exploits, reproduction loopholes, reward leakage, parasitic use of teachers, or trivial niche collapse."
AOA-PORT-001,LOCKED CAPABILITY,"A mature cognitive core can be exported with neural graph, acquired weights, concepts, unresolved gaps, episodic and semantic memory, predictor, attention state, learned personality-like tendencies, and language grounding."
AOA-PORT-002,LOCKED INTERFACE,"Portable exports include exact dependency, graph-epoch, schema, germline-prior, semantic-prior ABI, and adapter compatibility manifests."
AOA-PORT-003,LOCKED CAPABILITY,Full-organism transplantation may carry body and biochemistry; cognitive-core transplantation carries cognition plus an explicit receptor/viability interface but not the old transient chemistry by default.
AOA-PORT-004,LOCKED INVARIANT,"A new game, software host, or robot supplies sensory, motor, and viability adapters. It may not replace the cognitive core with a host planner or arbitrary reward function."
AOA-PORT-005,LOCKED CAPABILITY,"A transplanted brain can reacquire body schema, controls, and local semantics faster than a newborn when its learned abstractions are genuinely general."
AOA-PORT-006,LOCKED CAPABILITY,"Transfer tests evaluate retention of object concepts, causal learning, social knowledge, language, planning habits, and learning speed across changed embodiment and environment."
AOA-PORT-007,LOCKED INVARIANT,"Robot or software hosts may map battery, heat, damage, resource usage, and task constraints into a virtual physiology only through an explicit inspectable adapter. They may not inject hidden desirability labels."
AOA-GAME-001,LOCKED CAPABILITY,"Players can raise persistent individuals with visible needs, learning, relationships, language, habits, development, and personality-like differences."
AOA-GAME-002,LOCKED CAPABILITY,"Players can teach directly, construct schools and curricula, arrange environments, introduce cultures, and observe competence after teaching ends."
AOA-GAME-003,LOCKED CAPABILITY,"Players can select cohorts, breed lineages, cross compatible breeds, stabilize traits, perform breeder assimilation, and compare descendants."
AOA-GAME-004,LOCKED CAPABILITY,"Communities can exchange breeds, cultural packages, curricula, and exact individual exports as distinct artifact types."
AOA-GAME-005,LOCKED CAPABILITY,"Ecological communities can form persistent social structures, traditions, cooperation, conflict, resource practices, and cultural divergence."
AOA-GAME-006,LOCKED CAPABILITY,"Exceptional trained individuals may undergo deliberate brain augmentation or transplantation as a visible game/research process with risk, acclimation, and rollback."
AOA-GAME-007,LOCKED INVARIANT,The ordinary player interface emphasizes behavioural legibility and causal explanation. Raw synapse-level detail is reserved for expert inspection.
AOA-GAME-008,LOCKED CAPABILITY,"The game distinguishes inherited, learned, culturally taught, SLM-assisted, and currently teacher-dependent behaviour in inspection and lineage records."
AOA-GAME-009,LOCKED INVARIANT,Game convenience features must not silently bypass the organism's learning or causal systems when they are used as evidence of intelligence.
AOA-ART-001,LOCKED INVARIANT,"Breed, culture, and individual artifacts are semantically distinct and cannot be silently substituted for one another."
AOA-ART-002,LOCKED INVARIANT,"Community artifacts contain no executable native code. Data, declarative curricula, validated model references, and sandboxed scripts use explicit trust and permission policies."
AOA-ART-003,LOCKED CAPABILITY,"Artifacts are content-addressed, schema-versioned, dependency-complete or exactly resolvable, provenance-tracked, and reproducibly loadable."
AOA-ART-004,LOCKED CAPABILITY,"Licensing, authorship, source cohort, training cost, model dependencies, and compatibility are recorded for shared artifacts."
AOA-ART-005,LOCKED INVARIANT,Missing dependencies and incompatible prior/adapter families fail explicitly rather than loading a superficially similar default.
AOA-PERF-001,LOCKED INVARIANT,All major subsystems expose deterministic hardware-independent work accounting sufficient for capability-per-compute comparison.
AOA-PERF-002,LOCKED INVARIANT,"Conversion of cognitive or biochemical work to simulated metabolic cost is a configurable species/world policy, normally enabled in ecological/evolutionary worlds and optionally disabled in isolated benchmarks."
AOA-PERF-003,LOCKED INVARIANT,"No neural, biochemical, attention, memory, teacher, or structural mechanism performs unbounded search or allocation."
AOA-PERF-004,LOCKED CAPABILITY,"The runtime supports benchmark tiers of 1, 10, 30, 100, and 500 organisms or equivalent progressive population scales, with results reported by brain/body class and active cadence."
AOA-PERF-005,LOCKED INVARIANT,"Population scaling claims require measured wall time, GPU time, CPU time, memory, buffer traffic, work units, sleep bursts, teacher/SLM cost, and behavioural fidelity."
AOA-PERF-006,REFERENCE MECHANISM,High-volume sparse recurrent and local-learning operations are GPU-batched; irregular sparse memory/topology/asset operations remain CPU-side until profiling supports relocation.
AOA-PERF-007,LOCKED CAPABILITY,"Inactive, sleeping, offscreen, or distant organisms may use reduced cadence or lower fidelity only through declared policies that preserve causal state and do not fabricate outcomes."
AOA-PERF-008,LOCKED INVARIANT,"Logical IDs, provenance, and migration maps remain off the accelerator hot path unless measured evidence justifies a different design."
AOA-PERF-009,LOCKED GOAL,"A mechanism must justify its compute cost through capability, robustness, evolvability, game value, or compression of other costs."
AOA-PERSIST-001,LOCKED CAPABILITY,"Exact saves contain world/ecology, body/organs, biochemistry, genotype and prior dependencies, developmental state, neural graph epoch, acquired weights/structure, memory, concepts, prediction, sleep, culture, adapters, and identity metadata."
AOA-PERSIST-002,LOCKED INVARIANT,"Missing exact cognitive, biochemical, genetic, memory, or dependency state causes an explicit restore error or an explicit migration path, never silent default substitution."
AOA-PERSIST-003,LOCKED CAPABILITY,"Schema migrations are deterministic, versioned, auditable, and produce receipts identifying transformed or discarded state."
AOA-PERSIST-004,LOCKED CAPABILITY,Save/load preserves later control behaviour and internal causal state within declared deterministic or numerical tolerance.
AOA-PERSIST-005,LOCKED CAPABILITY,"Brain growth, derived regions, germline blocks, culture, teacher provenance, and portable-core exports are represented in persistence schemas from the moment they become production mechanisms."
AOA-PERSIST-006,LOCKED INVARIANT,A checkpoint never stores unresolved references to temporary local paths or mutable remote assets.
AOA-OBS-001,LOCKED CAPABILITY,"Player-facing presentation exposes understandable needs, emotions, relationships, learning, development, sleep, culture, and lineage without requiring neural expertise."
AOA-OBS-002,LOCKED CAPABILITY,Expert inspection can trace stimulus -> attention -> neural state -> motor intent -> physical outcome -> biochemical consequence -> learning -> changed later response.
AOA-OBS-003,LOCKED CAPABILITY,"Inspection distinguishes inherited prior, fast learning, lifetime consolidation, explicit memory, culture, SLM hints, teacher actions, and host/adapter effects."
AOA-OBS-004,LOCKED INVARIANT,"Telemetry, presentation, reports, and debug snapshots are read-only derived views tied to authoritative versions and ticks."
AOA-OBS-005,LOCKED CAPABILITY,"Every external SLM/teacher call, assimilation operation, migration, structural change, save migration, and evaluation run has provenance and cost receipts."
AOA-OBS-006,LOCKED INVARIANT,"Comments and reports may not describe a live required mechanism as diagnostic-only, optional, or deferred unless the architecture itself says so."
AOA-FAIL-001,LOCKED INVARIANT,"Invalid IDs, stale causal sequences, incompatible graph epochs, malformed assets, nonfinite state, and impossible ownership relations fail explicitly."
AOA-FAIL-002,LOCKED INVARIANT,"A failed multi-system action, sleep, reproduction, assimilation, migration, or restore transaction does not partially commit authoritative state."
AOA-FAIL-003,LOCKED CAPABILITY,"Safe fallback states may protect the simulation from corruption or catastrophic body control, but they are observable and cannot masquerade as successful cognition."
AOA-FAIL-004,LOCKED CAPABILITY,"Rollback checkpoints exist for brain augmentation, schema migration, breed publication, and other high-risk irreversible operations."
AOA-FAIL-005,LOCKED INVARIANT,Repeated diagnostic expansion is not a substitute for source-level tracing and repair. Observability remains bounded and purpose-driven.
AOA-FAIL-006,LOCKED CAPABILITY,Long-running simulations can detect and isolate corrupted individuals or assets without silently contaminating lineages or shared priors.
AOA-GRADE-001,LOCKED INTERFACE,Every compliance finding cites one or more stable architecture requirement IDs and exact source/evidence locations.
AOA-GRADE-002,LOCKED INVARIANT,A test written specifically around a stub or fixture cannot certify a production capability unless the same semantic path is used in ordinary gameplay.
AOA-GRADE-003,LOCKED INVARIANT,"A passing causal test does not prove intelligence, usefulness, generalization, robustness, scale, or compute efficiency."
AOA-GRADE-004,LOCKED INVARIANT,"Behavioural capability claims include appropriate controls, fresh environments, and service-off conditions where SLM or teacher dependence is possible."
AOA-GRADE-005,LOCKED INVARIANT,Mechanism attribution requires ablation or another credible causal comparison when multiple systems could explain the result.
AOA-GRADE-006,LOCKED INVARIANT,"Performance claims identify brain class, body class, population composition, update cadence, sleep state, hardware, precision, and configuration."
AOA-GRADE-007,LOCKED CAPABILITY,Compliance tooling can produce a requirement matrix without modifying this architecture document.
AOA-EVAL-001,LOCKED CAPABILITY,Few-shot avoidance: one or a few adverse grounded experiences reduce later selection of the relevant hazardous behaviour without a host rule.
AOA-EVAL-002,LOCKED CAPABILITY,"Reversal learning: the creature updates when an earlier useful relation changes, without erasing unrelated knowledge."
AOA-EVAL-003,LOCKED CAPABILITY,Passive observational learning: watching another agent or event can improve later prediction or behaviour without direct action experience.
AOA-EVAL-004,LOCKED CAPABILITY,Delayed episodic recall: relevant past events influence behaviour after intervening time and context changes.
AOA-EVAL-005,LOCKED CAPABILITY,Concept generalization: learned structure transfers to novel instances while systematic contradiction can trigger refinement or splitting.
AOA-EVAL-006,LOCKED CAPABILITY,Targeted curiosity: unresolved gaps and prediction uncertainty cause information-seeking attention or action rather than indiscriminate novelty seeking.
AOA-EVAL-007,LOCKED CAPABILITY,Novel motor combination: the creature composes known factorized primitives in a useful new joint behaviour.
AOA-EVAL-008,LOCKED CAPABILITY,Continual-learning retention: new learning does not catastrophically erase earlier unrelated competence.
AOA-EVAL-009,LOCKED CAPABILITY,Experience-dependent structure: different life histories produce meaningfully different neural structure and behaviour.
AOA-EVAL-010,LOCKED CAPABILITY,Social learning and teaching: competence acquired through a teacher or peer remains after the teacher is removed.
AOA-EVAL-011,LOCKED CAPABILITY,Cultural transmission: a learned convention or skill can pass through teaching across generations without biological inheritance.
AOA-EVAL-012,LOCKED CAPABILITY,Genetic contribution: descendants inherit compact learning or skill priors without inheriting source adults' personal memories.
AOA-EVAL-013,LOCKED CAPABILITY,Crossbreed viability: compatible regional priors and derived-region alleles recombine without destroying founder interfaces or causing silent dependency loss.
AOA-EVAL-014,LOCKED CAPABILITY,"Memory leakage resistance: germline priors fail probes for source identities, private facts, exact locations, and autobiographical episodes while retaining generalized skill."
AOA-EVAL-015,LOCKED CAPABILITY,"Brain expansion continuity: a trained individual preserves immediate and dynamical competence across upward scaling, then makes productive use of new capacity."
AOA-EVAL-016,LOCKED CAPABILITY,Transplantation: a mature cognitive core reacquires a new embodiment or environment faster or more effectively than an equivalent newborn.
AOA-EVAL-017,LOCKED CAPABILITY,SLM independence: disabling the semantic prior reduces only the capabilities legitimately dependent on it and does not erase grounded core intelligence.
AOA-EVAL-018,LOCKED CAPABILITY,Teacher independence: disabling the teacher after training preserves acquired competence and does not reveal hidden teacher-side policy execution.
AOA-EVAL-019,LOCKED CAPABILITY,"Evolutionary usefulness: heritable variation in body, chemistry, development, cognition, or learning produces measurable, nontrivial selection gradients across generations."
AOA-EVAL-020,LOCKED CAPABILITY,"Capability per compute: added neural, biochemical, memory, SLM, or teacher cost is justified by measurable capability, robustness, adaptability, or game value."
AOA-GRADE-008,REFERENCE MECHANISM,"Use layered fast checks for contracts and causal boundaries, focused GPU checks for accelerator semantics, milestone end-to-end journeys, and separate statistical capability/scaling campaigns."
AOA-GRADE-009,LOCKED INVARIANT,"Full corpora, 500-organism profiles, long soaks, or evolution runs are not repeated against unchanged commits/configurations when exact valid receipts already exist."
AOA-GRADE-010,LOCKED INVARIANT,"Expensive validation waits until known source-level defects in the measured path are repaired, unless the purpose is explicitly to measure the defective baseline."
AOA-MIG-001,LOCKED INVARIANT,"Code is graded against the target architecture even when migration is incomplete. Unimplemented target mechanisms remain gaps, not optional reinterpretations."
AOA-MIG-002,LOCKED CAPABILITY,"Migration supports compatibility layers that reproduce current founder species behaviour while new genetics, biochemistry, neural receptors, priors, and adapters are introduced."
AOA-MIG-003,LOCKED INVARIANT,Compatibility layers are versioned and temporary. They may not become hidden permanent authorities that bypass the new subsystem boundaries.
AOA-MIG-004,LOCKED INVARIANT,"The current fixed drive/hormone controller may serve as a reference breed phenotype during biochemical migration, but it is not the permanent biochemical architecture."
AOA-MIG-005,LOCKED INVARIANT,"Current Rust types, Bevy entities, WGSL layouts, N512/N2048 assumptions, IDs, constants, and test fixtures do not define permanent architecture."
AOA-MIG-006,LOCKED CAPABILITY,"Each migration phase produces a requirement-based compliance report, state/schema map, preserved capability list, unresolved gaps, and rollback plan."
AOA-MIG-007,LOCKED INVARIANT,"Earlier architecture documents are archived with a notice that they are non-normative. Their requirement IDs, if any, may be mapped to new IDs for history but do not retain authority."
AOA-DEF-001,DEFERRED CAPABILITY,Bounded counterfactual planning with learned rollouts at greater depth and breadth.
AOA-DEF-002,DEFERRED CAPABILITY,Open-ended region duplication and specialization beyond initial bounded derived-region policies.
AOA-DEF-003,DEFERRED CAPABILITY,"Large-scale robot deployment with real sensors, actuators, safety certification, and long-duration autonomous operation."
AOA-DEF-004,DEFERRED CAPABILITY,"Cross-world software-agent embodiment with tools, files, and external services represented through grounded adapters and virtual physiology."
AOA-RES-001,RESEARCH,"Evolved compact local plasticity programs or tiny meta-learned update networks, provided they remain bounded, inspectable, and accelerator-friendly."
AOA-RES-002,RESEARCH,"Indirect developmental encodings such as CPPN-like generators, coordinate networks, or learned graph grammars for efficient neural and biochemical topology generation."
AOA-RES-003,RESEARCH,Neural and biochemical region duplication as an explicit evolutionary innovation mechanism with homology discovery.
AOA-RES-004,RESEARCH,Differentiable or surrogate models of organism development and lifetime learning for more efficient founder meta-training.
AOA-RES-005,RESEARCH,Shared community teacher ecosystems in which trained creatures teach younger creatures without an external LLM.
